Date,Open,High,Low,Close,Adj Close,Volume
2022-01-14,0.32330894414395045,0.3370190680859531,0.32226842324677607,0.3334537714649071,0.38103560199078484,0.22448955130855852
2022-01-18,0.33116591831697195,0.33018700813306584,0.32335379701833605,0.32108019188147535,0.36704019452757114,0.16006544290825409
2022-01-19,0.3256570172705226,0.32632148924771603,0.31394716682579926,0.31096459470357957,0.35559883344662624,0.1313018977929713
2022-01-20,0.31310396574523797,0.31463505195613406,0.30888203171950246,0.3058164761293392,0.3497758972685405,0.09706765430323079
2022-01-21,0.30208616365233926,0.3022294324103022,0.2927821885116238,0.2938041764870773,0.33618926556019435,0.1458022449554425
2022-01-24,0.28610133149230177,0.2886551931400603,0.2751447008325759,0.2906430631357197,0.33261381451452554,0.18901048850168786
2022-01-25,0.2855594605129912,0.29081267131781524,0.2784912900885418,0.2930816510582891,0.3353719608460449,0.15650863283052563
2022-01-26,0.2967578862656601,0.3015102501560523,0.29549564019222885,0.2980491296619445,0.3409905502792945,0.15149339792010727
2022-01-27,0.30298924750074974,0.30681409925740455,0.2936866609040221,0.29461703912793374,0.3371086202489691,0.1280443066638928
2022-01-28,0.2940486002699881,0.2952175768938525,0.2895260326935337,0.2985007123616311,0.3415012937435921,0.13365412686712197
2022-01-31,0.29594509702191446,0.2936893317498201,0.2918776816158154,0.2949783190691036,0.3375172726060438,0.12996333176660751
2022-02-01,0.30407298945937095,0.3095109984183443,0.30056077529852565,0.31123553743268123,0.35590527129868527,0.13515450228202605
2022-02-02,0.3090400195265097,0.31166847659609925,0.3093342679157016,0.31421604526700536,0.3592763755995179,0.10590424479962604
2022-02-03,0.3141876732534186,0.3138259890663516,0.3072539538104574,0.30735186419898386,0.3540430752079109,0.08959616999745729
2022-02-04,0.31599387540068014,0.3205681683837063,0.31394716682579926,0.31782877577160107,0.3659463553598119,0.12553112433553273
2022-02-07,0.31933532698032757,0.328209291226376,0.317926893657126,0.3268605675795388,0.37620778674623795,0.1420459555786141
2022-02-08,0.3336945806528737,0.33800792653929806,0.33502167719868886,0.3396856954091056,0.3907789271779443,0.1489785033230854
2022-02-09,0.34001627094306874,0.3416037692255528,0.33990591092582395,0.34248556327284485,0.39396008114309794,0.09240300640131639
2022-02-10,0.34769258700587946,0.3498741593944425,0.34406653913631235,0.3423952260607766,0.39385741417950876,0.13610395525499533
2022-02-11,0.33839069245557746,0.3493348069962524,0.33601661753237305,0.33571171941689154,0.3862639664706808,0.14705605368304708
2022-02-14,0.3383003634004721,0.3350413854717606,0.3294138724583171,0.33155706900054105,0.38154367183623894,0.12150044390565057
2022-02-15,0.34380926444692145,0.3410643825348654,0.33764469544141806,0.33634394208716306,0.3869822238898291,0.05961948253528772
2022-02-16,0.3328817914091281,0.337108983013983,0.332760461714283,0.3341762968936954,0.3845195330068118,0.07602558471834464
2022-02-17,0.326018264590063,0.32497303966724617,0.3165701505651184,0.31620305048988817,0.36409933719754894,0.08839372932970675
2022-02-18,0.31698728830419604,0.3176915079517014,0.31304265992999086,0.31150651461533435,0.35876332870975514,0.07637103492086322
2022-02-22,0.3117493055221817,0.31229774392231924,0.30698261899341994,0.30834536681042524,0.35517187708362313,0.09670379721259785
2022-02-23,0.3142779678580835,0.31139880039700424,0.29848042668987135,0.2963331016217149,0.34152412233525553,0.07518443273823436
2022-02-24,0.27734127347086984,0.282722076712488,0.27062226986376414,0.2851336646203094,0.32880000006581217,0.156760764390976
2022-02-25,0.29007494865592465,0.297195259508045,0.2924203857533004,0.29777818693284286,0.34316601223332815,0.0992966000337317
2022-02-28,0.2851982476438913,0.2878461302502778,0.2844608975872369,0.2910946458354063,0.33557256452450024,0.11471258286310156
2022-03-01,0.28348234010129464,0.2817332182591431,0.26456219442378315,0.2632767449828049,0.30396726371728944,0.21334225425306133
2022-03-02,0.27336765630724696,0.2826321617844581,0.27351662292353085,0.2807081059284088,0.32377191020359075,0.13097699481439437
2022-03-03,0.28266955085754897,0.2802948880431406,0.2729739187860458,0.27185695409105604,0.3137156893465503,0.08502569687194199
2022-03-04,0.2618080176854782,0.25782095698529167,0.24801011501970532,0.2497290572708983,0.288575157770248,0.13516049522234236
2022-03-07,0.24862280057621808,0.2445163939141448,0.22621199913016904,0.2228143218176701,0.2579961564055507,0.22274688987800942
2022-03-08,0.23146393185289454,0.24110034679145248,0.23145800111221743,0.22868496582069872,0.2646660127680519,0.23852373332785407
2022-03-09,0.25051929732814443,0.2550341771888194,0.24954772498746447,0.25307081059284087,0.29237190219096076,0.12954682241462415
2022-03-10,0.24573285647033533,0.25341605140925444,0.24502529401865272,0.2517160280402296,0.2908326381238797,0.0936688010095536
2022-03-11,0.2584665316553902,0.2572815702946043,0.2502713305041112,0.24683888664864237,0.2852915425044932,0.0830882648811129
2022-03-14,0.2583762370507253,0.2606976174172966,0.25814035072888886,0.25939307174910753,0.2995548877084199,0.10217792012437919
2022-03-15,0.26289172519365883,0.26294501052308145,0.25841172004933644,0.261651019701092,0.30212028668762403,0.08896776739857591
2022-03-16,0.27092928857601,0.2772384320475733,0.2710745060599633,0.2751083702009303,0.3174097668036739,0.13002882604292143
2022-03-17,0.27065837031157497,0.27067604829378106,0.26655207509115153,0.2740245648309722,0.31617842136216523,0.10972774072143016
2022-03-18,0.2691230864287485,0.2711255200564386,0.2648335637442307,0.2734826449192174,0.3155627075088133,0.24257025224285791
2022-03-21,0.27643818962245936,0.27346279379775607,0.2699891322884033,0.27095375423813134,0.31268951330182965,0.08182289834004114
2022-03-22,0.2832114218368596,0.29503778133028996,0.28527493654175945,0.2912752858059912,0.3357777750538858,0.10414274841379711
2022-03-23,0.2863722497567368,0.2846997593266805,0.2744210953159292,0.2707731142675464,0.31248426163984655,0.1014163886370427
2022-03-24,0.2768897315466646,0.2736425893613185,0.27270258396900837,0.2726698167319125,0.31463919842768184,0.0658401545836148
2022-03-25,0.2747223165303032,0.2805645642422357,0.2772250149378201,0.2837789165212497,0.3272607359987312,0.06349905525576585
2022-03-28,0.2797796412021068,0.27624957359422836,0.27152674225616247,0.2770050726652964,0.31956474472410684,0.08483606311764741
2022-03-29,0.28908157020284936,0.28694715243246544,0.27821995527150434,0.2751083702009303,0.3174097668036739,0.07113620155456872
2022-03-30,0.2752641530591733,0.27238405470887855,0.26257234825982484,0.261651019701092,0.30212028668762403,0.1139377812936361
2022-03-31,0.259189026294471,0.2611470891799541,0.2502713305041112,0.24674854943657415,0.28518891667350155,0.11532771537985397
2022-04-01,0.2546735381515375,0.25251710788393944,0.24484442714290114,0.24900649738855857,0.2877542745201081,0.10998286875203866
2022-04-04,0.247448764012932,0.24523554187589733,0.24285454647553273,0.24674854943657415,0.28518891667350155,0.08339304870291368
2022-04-05,0.2425720285504581,0.24739305434614967,0.24430172300541608,0.24367773884373325,0.28169996748056847,0.07474181128915851
2022-04-06,0.24058520274342637,0.240021607702575,0.2409551337494502,0.24160043086233376,0.2793399024285426,0.09290855372371347
2022-04-07,0.24482977262192485,0.2419992903167675,0.23353834972087173,0.24024568276327402,0.2778007206266568,0.10782797864116071
2022-04-08,0.24338481779420376,0.24730313941811977,0.24574889953529944,0.24918713735914352,0.28795944391689604,0.0828857891118548
2022-04-11,0.2518739231007601,0.25898957670970174,0.25470329353163706,0.25460623311603703,0.2941163767874274,0.09735959611006806
2022-04-12,0.25855686071049555,0.25638262676928925,0.24638203711066028,0.24638726949540427,0.28477841334953524,0.0920126091464255
2022-04-13,0.23923057697081065,0.2448759507487724,0.24140736994564937,0.2474711093189139,0.2860097999236415,0.06998170440934864
2022-04-14,0.2243294523189539,0.2376842996687602,0.21951878611482717,0.22769146320925734,0.2635372931575348,0.2623460991523414
2022-04-18,0.22730969102950146,0.2355268214910052,0.2296490563274208,0.23509752973548215,0.2719516652491003,0.09342095012075775
2022-04-19,0.23787591674775438,0.24101043186342258,0.24032199617408936,0.2410585454041305,0.2787242708403859,0.06616334529352993
2022-04-20,0.24771968227736704,0.2516181300661271,0.24927639017042702,0.2484646119303553,0.28713856066675614,0.092445385050696
2022-04-21,0.253770454303127,0.2526969034475019,0.24276407853424684,0.2406069282508924,0.278211141685428,0.06305686187385545
2022-04-22,0.24058520274342637,0.23858324319407523,0.2306439621576949,0.22760116045074064,0.26343470845914085,0.07439721722097084
2022-04-25,0.22315541575566783,0.2210536044029509,0.21499635514601542,0.22299496178825506,0.2582013258023387,0.11022087409602917
2022-04-26,0.21773684376432384,0.22132328060204595,0.215267724466463,0.21170522202833292,0.2453745777019037,0.07375768487578775
2022-04-27,0.2109636115499236,0.21404171459400384,0.21146886451088787,0.21170522202833292,0.2453745777019037,0.06516851720102292
2022-04-28,0.21665313625614316,0.21512048797537867,0.2130065089820571,0.21703394611960672,0.2514287613436506,0.056222341510272326
2022-04-29,0.21665313625614316,0.21592955086516114,0.20577059182923021,0.20312501292008178,0.2356262754704356,0.09782362091741642
2022-05-02,0.2060868760874497,0.20370372688289173,0.1976302367874151,0.20348625840770015,0.2360366142640116,0.08866255550960968
2022-05-03,0.20635782880232525,0.20909745661977652,0.20712733492123778,0.20791185155315228,0.2410647863914282,0.0738343088984034
2022-05-04,0.21006052770151312,0.22249193461895334,0.2118306672692112,0.2243497098873148,0.25974054873682206,0.10774878621555237
2022-05-05,0.21629188893660276,0.21287309486959377,0.20522792219515526,0.2133309128564943,0.24973257641675684,0.10993449716234276
2022-05-06,0.21276981369718512,0.21125496909002886,0.20586105977051608,0.21143424484567974,0.2475658757060102,0.09733519628163738
2022-05-09,0.20698999438630072,0.20819851309446152,0.20323804152778685,0.20610548630085446,0.2414784980580067,0.09775213370078618
2022-05-10,0.2107829878901534,0.2097267239459965,0.19383137683183996,0.19815753431642635,0.23239921752636952,0.08980463870703169
2022-05-11,0.19922334926838461,0.20792880260286914,0.19654486301585508,0.19355130120038927,0.22713716544904583,0.08987098911767652
2022-05-12,0.1912760804906983,0.18905071423127495,0.18234439803064886,0.18668715458591928,0.21929585270712967,0.11076109485882774
2022-05-13,0.19326290629773002,0.19606256974772468,0.19464541578636246,0.1941835238706608,0.22785941273016058,0.0725839247081224
2022-05-16,0.19281136437352478,0.1913879879725924,0.18939941380431408,0.19029985063696345,0.22342293301910227,0.05368133481615799
2022-05-17,0.19813964176020393,0.20172600997620185,0.20079592466421928,0.20384753834887,0.23889919626081657,0.08151897065257127
2022-05-18,0.2008489277558759,0.1971413431290995,0.1911179251512349,0.1893966852375903,0.2223911218085115,0.09868788852446105
2022-05-19,0.18648967408332975,0.18815177070595993,0.1882235720914682,0.18840318262614889,0.22125619117575807,0.08952981958681244
2022-05-20,0.19380474282660007,0.19246676135396723,0.18071635462501393,0.18542267479182473,0.21785139927749775,0.13318624945528454
2022-05-23,0.19579156863363179,0.20622079618777164,0.19871561055897508,0.20484104096031142,0.24003404462837483,0.10137529418915946
2022-05-24,0.20446129759995837,0.20127653821354435,0.19790157160445257,0.20005420232724092,0.23456583597192096,0.08432495092209948
2022-05-25,0.1990427256086144,0.2074793308402116,0.20142906223958013,0.20755057161198243,0.24312935486235432,0.0772528532816913
2022-05-26,0.2147566395042168,0.21916576813179361,0.21698623581338383,0.22091761935330406,0.25839929699454806,0.08221243946060112
2022-05-27,0.22261357922679775,0.22177275236470345,0.2233176460704023,0.22353684724645834,0.26139132327597453,0.06500456747665535
2022-05-31,0.21936242225181515,0.2237504692713933,0.2192474512977897,0.22245304187650025,0.26015327322105847,0.15594658064228908
2022-06-01,0.22496161790292935,0.22195254792826594,0.21382054793657962,0.21694364336109,0.2538595744635343,0.06900827967511415
2022-06-02,0.21737559644478344,0.21619922706425618,0.21481545376685374,0.2184790658842862,0.2556135918226422,0.04424630642246291
2022-06-03,0.2147566395042168,0.21530028353894115,0.21571996066266214,0.21387283276824912,0.2503516220105137,0.03542427020969298
2022-06-06,0.21936242225181515,0.22033442214870103,0.21888564853946635,0.21658236341992013,0.2534468911118956,0.03240554055893586
2022-06-07,0.21412443946980084,0.2171880855176011,0.21590086204182382,0.21974351122482924,0.2570580041196765,0.038460122547068126
2022-06-08,0.21520818142842207,0.21296297550512636,0.21228290346541037,0.2121568047280195,0.24839128354188525,0.034533890505555886
2022-06-09,0.21249889543275008,0.20900757598424397,0.19790157160445257,0.19445446659976243,0.2281689766596366,0.06782895463429794
2022-06-10,0.1804389020575698,0.18033081800723041,0.17420404298883374,0.1710621588926132,0.20144656764514812,0.09983510852786846
2022-06-13,0.16192540756163054,0.16450918563120356,0.16289796556680433,0.16121750444381905,0.190200421872374,0.09955472453449836
2022-06-14,0.16002891080970422,0.16109313850851126,0.14697898923467728,0.14712789682015767,0.17410511303690282,0.13921001060750435
2022-06-15,0.15307505493553375,0.1553398176445015,0.1498733767978541,0.15381140346404273,0.18174006353670089,0.11583968370973279
2022-06-16,0.14729523562464936,0.1469795125475819,0.14272792758631309,0.14911490204304045,0.17637501543500728,0.1442350910627281
2022-06-17,0.15153980550314783,0.15812659744097382,0.15141098676561324,0.15661127132778196,0.18493849319284306,0.2346548622865122
2022-06-21,0.16987267633931685,0.16684645937252102,0.16380243795920266,0.16121750444381905,0.190200421872374,0.08812918382145832
2022-06-22,0.1565971301749514,0.15902554096628885,0.15873733735631593,0.15769507669774005,0.18617654324775912,0.061362143965836814
2022-06-23,0.15361692591484435,0.1526429527760591,0.14824529888880905,0.15137284999502487,0.1789543994973926,0.08067696253813009
2022-06-24,0.15921612156595855,0.17727436201166305,0.16054628214111255,0.17720374562474348,0.20846239028599417,0.1502973782598385
2022-06-27,0.17872302896541364,0.17628553785081547,0.17311866921727376,0.1725072442037412,0.20309734218430056,0.05436367387788613
2022-06-28,0.17989706552869972,0.18140959138860524,0.1747467471263188,0.17196532429198638,0.2024782965905437,0.059242783429691255
2022-06-29,0.17357537523850472,0.17215030847387328,0.16995294683705947,0.16772037111711915,0.1976290101300539,0.049149387735533255
2022-06-30,0.1627381968053762,0.1647788618302986,0.15846596803586838,0.16284319527198043,0.19205755865364457,0.06904166891401929
2022-07-01,0.15957736888549898,0.16810502831745833,0.16009404594491342,0.16961703912793372,0.19979571084080053,0.04724534498360931
2022-07-05,0.16210603122140074,0.16846458515208593,0.16054628214111255,0.17124276440964664,0.2016528887546687,0.06355727239026712
2022-07-06,0.1676149322678501,0.16765552226230349,0.16425467415540182,0.16582370310630462,0.1954623916845025,0.05443772949750908
2022-07-07,0.1730335042591941,0.17179075163924568,0.1715810247461045,0.17142340438023157,0.20185920986418926,0.07175861121313379
2022-07-08,0.17384629350293973,0.17367855361790563,0.1727568664589504,0.17196532429198638,0.2024782965905437,0.043408150912510775
2022-07-11,0.16815676879672017,0.167475726698741,0.16714906171857863,0.16844293099945892,0.19845445909852644,0.03773240836580223
2022-07-12,0.16282852586048158,0.1716109560756832,0.16506871310992433,0.16672686850567778,0.19649416176249565,0.046360958219788515
2022-07-13,0.16282852586048158,0.16154261027116879,0.15964180974871425,0.16194002987260728,0.19102587084084657,0.042035339512910934
2022-07-14,0.1538878441792794,0.15614888053428397,0.15077784919025242,0.1589595564918346,0.18762103780998865,0.08586299624756323
2022-07-15,0.16571843551592377,0.18365698449439014,0.16705859377729274,0.18054553340023752,0.212279988933686,0.15423816458497605
2022-07-18,0.1885667944950263,0.19246676135396723,0.18324890492645726,0.1810874188584408,0.21289899339484525,0.05862080183829164
2022-07-19,0.18811525257082107,0.19498383065884717,0.18985165000051324,0.19653180903471343,0.23054203961250128,0.0917228076754155
2022-07-20,0.19407569554147566,0.19462423953172223,0.1953690213030092,0.19490608375300053,0.2286848205660356,0.0634147260241721
2022-07-21,0.19353382456216506,0.1976806955272896,0.19464541578636246,0.19996386511517267,0.2344625931519655,0.05784043539567532
2022-07-22,0.1997651857972547,0.19911902574329202,0.1983538078006517,0.1989703625037313,0.23332770365180963,0.049948589133429394
2022-07-25,0.2030163427722373,0.20253507286598432,0.20305714014862516,0.20195087033805545,0.23673249555006998,0.06849459907657351
2022-07-26,0.19922334926838461,0.20046747532376188,0.19943921607562182,0.19653180903471343,0.23054203961250128,0.047728204746237506
2022-07-27,0.19804931270509854,0.20307445955667175,0.1983538078006517,0.20384753834887,0.23889919626081657,0.06507220208879654
2022-07-28,0.2031969664320075,0.20181592490423178,0.1985347091798134,0.20032514505634255,0.23487531763620179,0.04379255522708535
2022-07-29,0.2010295514156461,0.20649047238686669,0.2039616470444336,0.20529262365999798,0.240549970799969,0.05657207238444541
2022-08-01,0.20220355352849165,0.20478246597176922,0.202604903952426,0.20231215027922533,0.2371451789017087,0.040115458275865316
2022-08-02,0.20265512990313742,0.19920894067132194,0.19989145227182098,0.1963511690641285,0.2303356362377856,0.05764780517122259
2022-08-03,0.20175201160428638,0.20846818929355654,0.20341894290694854,0.20547326363058294,0.24075633304208716,0.0559162734869752
2022-08-04,0.20274542450780225,0.199748293069512,0.19790157160445257,0.19535766645268712,0.23223777208082164,0.04608485489807293
2022-08-05,0.19443694286101607,0.2060410006242092,0.19690663127076835,0.2042991210485566,0.24252240225228947,0.05018659447741988
2022-08-08,0.20698999438630072,0.20505214217086426,0.20233356913538852,0.19915100247431622,0.23660091237037373,0.03673972060912245
2022-08-09,0.20021676217190046,0.20145633377710684,0.20106729398466686,0.2010477049386823,0.2387825442140461,0.026508059220523936
2022-08-10,0.20762215997027617,0.20963684331046395,0.21056439211848954,0.2094472740763485,0.2484438510016076,0.041696310317874116
2022-08-11,0.21629188893660276,0.2178173528438211,0.2182525109641055,0.21775650600194646,0.25800129798024957,0.04170144712385952
2022-08-12,0.22098800073930647,0.220963689474921,0.22096596264471052,0.22398842994614493,0.265169352364783,0.02743482463372433
2022-08-15,0.2199945878357906,0.21970515482248104,0.21843341234326719,0.22227240190591532,0.2631955224041444,0.028994273317460604
2022-08-16,0.22152987171861707,0.22419994103405083,0.2224131391745939,0.22507226976965455,0.26641599913259584,0.03397611898897385
2022-08-17,0.22279420288656795,0.22411006039851825,0.22422211846280063,0.22579479519844278,0.2672471243995361,0.03790406329914789
2022-08-18,0.22658719639042063,0.22312120194517332,0.22612153118888315,0.22579479519844278,0.2672471243995361,0.015362902500853993
2022-08-19,0.22441978137405927,0.2215030761656084,0.21960925405611306,0.21865967140131962,0.2590401428650286,0.03786639338858824
2022-08-22,0.21267948464207972,0.2099964344375889,0.21128796313172618,0.21016979950513673,0.24927497626854786,0.034649468640227526
2022-08-23,0.21141515347412884,0.2119741170517814,0.21273513966160953,0.20980851956396684,0.24885937250248014,0.02644641754869906
2022-08-24,0.21024115136128332,0.20963684331046395,0.21038349073932786,0.21224710748653622,0.25166424546486377,0.03171849275838776
2022-08-25,0.2143953921846764,0.21700828995403862,0.2140918827536171,0.2190209513424895,0.25945562323330357,0.03204596413995742
2022-08-26,0.22152987171861707,0.21880621129716601,0.2096598852226811,0.20619582351292268,0.2447039518307667,0.038989213563564974
2022-08-29,0.20545471050347425,0.20622079618777164,0.20640376390800114,0.20574420635968457,0.24418452938837723,0.03513532487301387
2022-08-30,0.20960895132686733,0.20729953527664916,0.20613239458755356,0.20773121158256735,0.2464699799083714,0.04309780221755914
2022-08-31,0.20978957498663753,0.20864798485711902,0.20667509872503861,0.20384753834887,0.2420029798099,0.07838808740446611
2022-09-01,0.20419037933552334,0.2010068620144493,0.19934874813433592,0.2037572355903533,0.24189903773578544,0.03799524160538885
2022-09-02,0.20997019864640773,0.21053578683577898,0.2026953373903018,0.20086706496809736,0.23857478346360983,0.03736555480501112
2022-09-06,0.20464192125972858,0.20226539666688928,0.1953690213030092,0.1963511690641285,0.23338047677451995,0.04456906906521261
2022-09-07,0.19407569554147566,0.20253507286598432,0.194374080969325,0.20502168093089634,0.24335344525403454,0.06497545890940472
2022-09-08,0.20382913201598293,0.21467098192022382,0.20423298186147104,0.21757586603136153,0.2577935372298133,0.06079966371043482
2022-09-09,0.22089767168420107,0.21961527418694846,0.22150866678219558,0.2184790658842862,0.2588324232471899,0.03672174178817353
2022-09-12,0.22243295556702755,0.22258181525448592,0.22159910022007137,0.22028539668303254,0.2609101130167478,0.03352151165926538
2022-09-13,0.21042174057061297,0.2081085981664316,0.20151953018086602,0.1994219796569694,0.23691261519492454,0.07203471453484937
2022-09-14,0.2004876804363355,0.1998382079975419,0.194374080969325,0.19996386511517267,0.23753581518103817,0.046106258256345456
2022-09-15,0.20184234065939177,0.20954692838243405,0.20432341529934683,0.20773121158256735,0.2464699799083714,0.03799609773971975
2022-09-16,0.20455162665506377,0.2038835224464542,0.20414254842359525,0.2059248463302695,0.2443922901388135,0.07252228303629753
2022-09-19,0.2021132589238268,0.2088277804206815,0.2048661194368319,0.20935693686428025,0.24833995006009066,0.03008070778337404
2022-09-20,0.2062674997472199,0.20595111998867663,0.20197176637706518,0.201138007697199,0.23888632175777033,0.06509574578289631
2022-09-21,0.20419037933552334,0.2016361293406693,0.19428364753144922,0.19084177054871826,0.2270434242591341,0.06382524243583915
2022-09-22,0.19362415361727042,0.18994965775658998,0.1870477303786223,0.18406792669276498,0.2192521287558896,0.04795208387376813
2022-09-23,0.17854240530564344,0.17619562292278557,0.17130968992906703,0.17404263227338587,0.2077207695514137,0.0814149503313668
2022-09-26,0.17240133867521865,0.17224022340190318,0.16805353411097695,0.17042990176879017,0.20356534887970035,0.07329794074009388
2022-09-27,0.1730335042591941,0.1726896951645607,0.16868667168633777,0.17061054173937512,0.20377310963013662,0.05669492766092971
2022-09-28,0.17023392365885726,0.17691480517703545,0.17311866921727376,0.17765536277798155,0.2118761902231271,0.050240102873101204
2022-09-29,0.17258196233498885,0.1735886386898757,0.17194282750442785,0.17485549491424232,0.20865575462727332,0.04500826597696485
2022-09-30,0.17691682681815216,0.177633953138788,0.1756512195187171,0.17232660423315624,0.2057470218559703,0.07227999702065253
2022-10-03,0.18278697518414191,0.18356706956636024,0.1798118477292055,0.1846098466045198,0.21987536987460074,0.05363938423394384
2022-10-04,0.19064391490672286,0.19965841243397944,0.19356004201480248,0.20231215027922533,0.24023695173229528,0.06123201154753986
2022-10-05,0.19669468693248282,0.19920894067132194,0.19717800059121593,0.20023484229782584,0.23784755913818656,0.0495547673412149
2022-10-06,0.1970558998015827,0.19561309798506715,0.19401227821100164,0.1905708278196166,0.2267317625671809,0.048533399084449945
2022-10-07,0.1894698783434368,0.18644372999836512,0.18659549418242316,0.18650651461533432,0.2220569605856756,0.05517657342507669
2022-10-10,0.18865708909969114,0.18635384936283253,0.18442474663930317,0.18343570402249346,0.21852490443046615,0.028580760435635393
2022-10-11,0.18215480960016647,0.1792520789183529,0.1745658457471571,0.17241690699167295,0.20585088166488963,0.06352045861403838
2022-10-12,0.17330445697406968,0.17835313539303788,0.1736613388513487,0.17494579767275903,0.20875965556879023,0.0521081879831273
2022-10-13,0.168879263435801,0.1913879879725924,0.1717619261252662,0.19183527316015964,0.22818625235062515,0.08352318112121064
2022-10-14,0.20545471050347425,0.2117044408526864,0.20233356913538852,0.1989703625037313,0.23639315161993746,0.12695273539199395
2022-10-17,0.21322135562139036,0.21404171459400384,0.20920764902648198,0.20610548630085446,0.24460005088924977,0.08651237413755168
2022-10-18,0.2172853018401186,0.21503057304734877,0.20857451145112113,0.21251805021563785,0.2519759482894146,0.08781112991752858
2022-10-19,0.20888649113822705,0.20801871753089904,0.2038711791031477,0.20303467570801356,0.24106799473404036,0.05813066493385078
2022-10-20,0.20437100299529357,0.2072096546411166,0.20568015839135442,0.2033056528906667,0.24137961529339597,0.056828912683715725
2022-10-21,0.20400975567575313,0.21125496909002886,0.20631329596671524,0.21396316998031734,0.2536380754255024,0.06136685270465677
2022-10-24,0.21584034701239752,0.21709817058957118,0.21770984133003055,0.21730492330225987,0.25748183440526257,0.05075720800896544
2022-10-25,0.21430506312957104,0.21772743791579116,0.21354917861613204,0.21884031137190454,0.25924790361546485,0.05164715964593709
2022-10-26,0.22225233190725735,0.2232110825807059,0.223498547449564,0.22182081920622873,0.26267614109435256,0.04586225997203865
2022-10-27,0.22550348888223995,0.22572818617808316,0.22422211846280063,0.22136923650654214,0.26215671865196305,0.044341337333192926
2022-10-28,0.2245100759787241,0.22572818617808316,0.223498547449564,0.22769146320925734,0.26942867397801334,0.04577493427028675
2022-10-31,0.22658719639042063,0.2259978623771782,0.22811141185625156,0.22444004709938303,0.26568881593977006,0.041535357063664714
2022-11-01,0.23056084800448406,0.23085223971587293,0.2306439621576949,0.23311055896615088,0.2756618255518823,0.07753195307356506
2022-11-02,0.23327013400015606,0.23525711099941282,0.2327243107663492,0.23247833629587936,0.2749346423590565,0.10680147357841034
2022-11-03,0.22712906736973126,0.22312120194517332,0.22295584331207893,0.22037573389510076,0.2640609522574763,0.05497709412597674
2022-11-04,0.2283031039330173,0.22950379013540306,0.22738784084301492,0.23121389095533632,0.27660750510311577,0.09753724398373002
2022-11-07,0.23552787807162281,0.2376842996687602,0.23561866382611593,0.23419436433610896,0.28005778965431266,0.05743077511833917
2022-11-08,0.2366115855798035,0.23453796303766028,0.2348046248715934,0.23518786694755037,0.28120785708297985,0.04514267906691632
2022-11-09,0.23254763936107525,0.23031285302518553,0.22784007703921408,0.2242594071287981,0.2685568274394572,0.06002229373797666
2022-11-10,0.23453446516810694,0.24029128390167004,0.23670403759767591,0.24214235077408858,0.28925857587923604,0.08045479567926125
2022-11-11,0.24428790164261424,0.24253867700745493,0.24032199617408936,0.2385296202694929,0.28507633675389277,0.05898594313042094
2022-11-14,0.23616004365559826,0.2354369065629753,0.23616133346019086,0.23238799908381114,0.2779666495253422,0.041235281980683894
2022-11-15,0.23778562214308957,0.23489751987228788,0.2304630952819433,0.23094291377268314,0.27629378678128297,0.06326404638193352
2022-11-16,0.23137360279778918,0.22896440344471566,0.2285636480524507,0.2264270178687143,0.27106608042294844,0.04458876015482333
2022-11-17,0.22279420288656795,0.22285149145358094,0.223498547449564,0.22444004709938303,0.2687659044330164,0.030195429783714783
2022-11-18,0.23182517917243498,0.2282452554829631,0.22802097841837576,0.2290462457618686,0.2740981698544293,0.026618500549210174
2022-11-21,0.22875464585722255,0.23112191591496797,0.231729370432665,0.23211705635470947,0.2776530134687045,0.03150488724282795
2022-11-22,0.23552787807162281,0.2339086957114403,0.23652313621851423,0.23455564427727885,0.28047598477402863,0.03162517411631955
2022-11-23,0.23543754901651742,0.23480763923675532,0.23724674173516097,0.23654264950016163,0.2827762430291559,0.028173240494126492
2022-11-25,0.23760499848331937,0.2360661738891953,0.23751807655219845,0.2375361176580515,0.2839262693252255,0.0026381779406716033
2022-11-28,0.23543754901651742,0.23705503234254022,0.23661356965639002,0.2333815016952525,0.279116758086607,0.03508267261166346
2022-11-29,0.23597941999582805,0.2361560888172252,0.23769897793136013,0.23871026024007783,0.28528549601264713,0.03873108906279831
2022-11-30,0.23724375116377894,0.23885295368566759,0.2295585883861349,0.24214235077408858,0.28925857587923604,0.09468845699765677
2022-12-01,0.2427526522102283,0.24092055122789002,0.23245294144590162,0.23238799908381114,0.2779666495253422,0.05001237114108152
2022-12-02,0.2288449404618874,0.2259978623771782,0.2181620775262297,0.22398842994614493,0.2682430679850268,0.10925729490660002
2022-12-05,0.22261357922679775,0.22024454151316844,0.2067655321629144,0.20339595564918345,0.24440471218328616,0.12104712077743847
2022-12-06,0.20437100299529357,0.2019956861752969,0.19808247298361426,0.2010477049386823,0.24168634107363818,0.09273818299186415
2022-12-07,0.1990427256086144,0.19741101932819455,0.19609259231624585,0.19246749583043116,0.23175364140716595,0.08483392278182016
2022-12-08,0.19561094497386158,0.19336570487928226,0.19310780581860332,0.1936416384124575,0.23311286809458756,0.05506827243221771
2022-12-09,0.1921791987895493,0.1936353810783773,0.19500721854468583,0.19291907853011775,0.23227639558996035,0.050198152290887046
2022-12-12,0.19461753207034574,0.1937252960064072,0.19310780581860332,0.19617052909354357,0.23604031619779486,0.06049402375430314
2022-12-13,0.20617720514255505,0.20406331801001668,0.19310780581860332,0.19400288390007586,0.2335311043469012,0.11642998833088906
2022-12-14,0.1945272374656809,0.19642216087484962,0.19166062928871996,0.1900289079078618,0.2289306289692443,0.07597079212116697
2022-12-15,0.18396097729698743,0.18275800667657777,0.1831584369851714,0.18271314414015372,0.2204617561858697,0.05337826326301902
2022-12-16,0.1804389020575698,0.18042073293526031,0.18171126045528802,0.1810874188584408,0.21857977531565365,0.1093249295187412
2022-12-19,0.18323851710834715,0.18455592801970516,0.1840629438809798,0.186777457344436,0.22516670836140978,0.05632165309265685
2022-12-20,0.18278697518414191,0.19039916381174482,0.18279666873025813,0.17919075084762623,0.2163841172562024,0.09040093626850428
2022-12-21,0.18341914076811736,0.18212873935035778,0.18234439803064886,0.18045519618816927,0.21784786187410485,0.06795052570928589
2022-12-22,0.1775489924021276,0.17403814474503057,0.17420404298883374,0.17648122019595522,0.21324746876164313,0.056015585069359726
2022-12-23,0.1773683687423574,0.17637541848634802,0.17809333638228467,0.17919075084762623,0.2163841172562024,0.02512968294777324
2022-12-27,0.1802582783977996,0.177633953138788,0.17954051291216802,0.17973267075938104,0.2170114716346728,0.025685742195693473
2022-12-28,0.17962611281382412,0.17979146560904033,0.1818017283965739,0.18045519618816927,0.21784786187410485,0.032500571469665875
2022-12-29,0.18152264401619103,0.1799712611726028,0.18361070768478063,0.18235189865253534,0.22004356106615366,0.031249331145053984
2022-12-30,0.1811613966966506,0.18024093737169783,0.1829775701094198,0.1819906187113655,0.21962536594643767,0.024504704886215468
2023-01-03,0.1856768848395841,0.18662352556192757,0.1871381983199082,0.18650651461533432,0.2248530723047722,0.04985826696151933
2023-01-04,0.19154699875513334,0.1948939500233146,0.19419317959016333,0.194273861082729,0.23384474040353878,0.06269728545487702
2023-01-05,0.19443694286101607,0.1910284311379648,0.19147972790955828,0.192196518647778,0.23143992308533315,0.03460366545352432
2023-01-06,0.1945272374656809,0.19435456333262718,0.19301733787731742,0.19562860918178876,0.2354130852171172,0.0468733546168328
2023-01-09,0.19931364387304945,0.1955232173495346,0.19356004201480248,0.19192557591867634,0.23112632816129314,0.07246577817045806
2023-01-10,0.19524969765432118,0.1932758242437497,0.1922937668640808,0.1916546331895747,0.23081265097205791,0.06015114195477727
2023-01-11,0.19263074071375455,0.1928263524810922,0.1922937668640808,0.19508672372358546,0.23478573083864682,0.059822814438876715
2023-01-12,0.19868147828907398,0.1992988213068545,0.19934874813433592,0.1958995863644419,0.23572672127375482,0.07124493061459315
2023-01-13,0.18359976442788756,0.2065803873148966,0.17818376982016046,0.2084537714649071,0.25025981405268877,0.15989464410923931
2023-01-17,0.20581595782301465,0.20667026795042917,0.2027858053315877,0.20755057161198243,0.24921422342190475,0.09065135556029283
2023-01-18,0.20689966533119533,0.2088277804206815,0.2038711791031477,0.20086706496809736,0.24147722294748136,0.06840941371064886
2023-01-19,0.1974171471211231,0.19615248467575458,0.19681619783289256,0.19698339173440002,0.23698138889809806,0.06107790736797766
2023-01-20,0.19895243100394958,0.20280474906507936,0.19898694537601255,0.20574420635968457,0.2471231244255319,0.08107677727066087
2023-01-23,0.20671904167142513,0.21395183395847128,0.2090267476473203,0.21576950077906368,0.25872864570346576,0.06590094012110877
2023-01-24,0.21547909969285708,0.21413162952203374,0.21354917861613204,0.21053107944630658,0.25266450797310164,0.040239169686680516
2023-01-25,0.207712454574941,0.21610931213622625,0.21047392417720365,0.2185693686428029,0.26196985326110345,0.05559864765021091
2023-01-26,0.22107829534397128,0.22042433707673093,0.22069462782767307,0.2228143218176701,0.26688392356280033,0.0531984750535298
2023-01-27,0.22360699213031363,0.22464941279670833,0.2265738018884924,0.22561415522785785,0.27012504885524286,0.059350656355384786
2023-01-30,0.2245100759787241,0.2271665163940856,0.2265738018884924,0.22714957775105404,0.27190251179497804,0.06476827440132667
2023-01-31,0.22821277487791194,0.22923411393630802,0.22883501737289827,0.23238799908381114,0.2779666495253422,0.07937820675815319
2023-02-01,0.23128330819312434,0.23750450410519772,0.2325434093871875,0.23654264950016163,0.2827762430291559,0.07524393407423198
2023-02-02,0.23724375116377894,0.2354369065629753,0.23218160662886417,0.23563944964723693,0.28488062785455087,0.06318699429215241
2023-02-03,0.23435384150833674,0.23966201657545005,0.2368849389768376,0.23880059745214605,0.28856339384733676,0.05586233702412843
2023-02-06,0.23670188018446833,0.23714491297807277,0.23869391826504432,0.23970376285151923,0.2896155656937354,0.04987795805113005
2023-02-07,0.23832745867195962,0.24298814877011243,0.24050286304984095,0.2437680760558015,0.2943505446655176,0.0747739163265673
2023-02-08,0.24067553179853177,0.24478607011323983,0.24285454647553273,0.2448518814257596,0.2956131920137936,0.058959831033328455
2023-02-09,0.2476293876727022,0.2449658656768023,0.24176917270397272,0.23871026024007783,0.28845813553009925,0.05592740323327691
2023-02-10,0.2380565404075246,0.23669544121541528,0.23715627379387508,0.238168340328323,0.28782679128966243,0.06263478764872124
2023-02-13,0.23742437482354914,0.24065087502879498,0.23851301688588264,0.2437680760558015,0.2943505446655176,0.05203027975901531
2023-02-14,0.2427526522102283,0.24685366765546224,0.2441208216262544,0.24710982937774403,0.29824374502758316,0.05371129951773953
2023-02-15,0.24266232315512293,0.24163969918964257,0.24366858543005523,0.2423229907446735,0.29266698744608444,0.03662970734760167
2023-02-16,0.23977241349968073,0.23759441903322762,0.2390556865199576,0.23554914688872022,0.284775410669911,0.035678114038805143
2023-02-17,0.2351666307520824,0.2354369065629753,0.23751807655219845,0.2379877348112896,0.2876163980529803,0.039240060922518985
2023-02-21,0.23498600709231218,0.23094212035140552,0.22802097841837576,0.22669799505136745,0.2744637152492278,0.040048679798055035
2023-02-22,0.2248713232982645,0.22339087814426836,0.2254883936135223,0.22462065261641645,0.272043596604718,0.03897936801875961
2023-02-23,0.22640657273065043,0.22527868012292832,0.22639290050933072,0.22678829780988416,0.27456893243386765,0.044889691372135054
2023-02-24,0.22387791039474866,0.2281553405549332,0.2255788615548082,0.2301300511318267,0.27846209166333563,0.05026921144035184
2023-02-27,0.23381197052902614,0.23417837191053534,0.2348046248715934,0.23157513644295466,0.28014564888276877,0.04782023918680937
2023-02-28,0.23137360279778918,0.23058252922428057,0.23317654696254836,0.23148483368443795,0.28004043169812887,0.06134288094339154
2023-03-01,0.22983835336540326,0.22959367077093562,0.2305535287198191,0.2306719710435815,0.27909343590377245,0.038890758115511355
2023-03-02,0.22947710604586283,0.22689680590249323,0.22268450849504148,0.2227239846056019,0.26983395346208555,0.06343099257645922
2023-03-03,0.22550348888223995,0.23013305746162305,0.2274782742808907,0.23220735911322618,0.28088221030784544,0.04559000925481212
2023-03-06,0.23327013400015606,0.23193097880475044,0.23290517764210078,0.2302203883438949,0.2785673499805731,0.042545595574127966
2023-03-07,0.22703873831462587,0.2237504692713933,0.21128796313172618,0.21053107944630658,0.2556290988119343,0.0845852157586934
2023-03-08,0.20960895132686733,0.20837830865802398,0.20658463078375272,0.20502168093089634,0.24921060375331666,0.045182489313303216
2023-03-09,0.20220355352849165,0.19911902574329202,0.18153039357953643,0.18054553340023752,0.22069559500317917,0.12543566535763728
2023-03-10,0.17637499028928208,0.18860124246861742,0.1715810247461045,0.182622841381637,0.22311571364768898,0.21890669933675275
2023-03-13,0.16933080536000625,0.17233010403743576,0.15783283046050753,0.15597904865751044,0.1920753690684018,0.31895241691002285
2023-03-14,0.18468347193606824,0.18176914822323284,0.1683248689280144,0.17187498707991816,0.21059433395177568,0.20786128226663275
2023-03-15,0.15578434093120574,0.15821647807650638,0.15665702325107175,0.1599530246497245,0.19670513085554409,0.1841870276813913
2023-03-16,0.1587645796417533,0.16792523275389587,0.15729016082643257,0.16401733785400677,0.20144006869472864,0.1544971452200736
2023-03-17,0.15993858175459882,0.15623876116981653,0.15168232158265071,0.15010837020093032,0.1852360052712247,0.18452605687642815
2023-03-20,0.15415876244371443,0.15345201566584157,0.1509587505694141,0.14757947951984424,0.18228980070351553,0.12836321670215342
2023-03-21,0.15849362692687774,0.15803668251294392,0.1591895735525151,0.15661127132778196,0.1928119304934785,0.12999415260251995
2023-03-22,0.15948703983039358,0.15578928940715903,0.14860706714372232,0.14505058883875818,0.1793435961358064,0.080037430192947
2023-03-23,0.14846927218793543,0.14617044965779946,0.1424565582658655,0.13972183029393287,0.17313557657906606,0.11105303666566499
2023-03-24,0.13501310236379976,0.13574254701865743,0.1310600474059603,0.13628973975992212,0.16913711789976302,0.13440367247382584
2023-03-27,0.14422470230943696,0.14661992142045696,0.14652675303847812,0.14748917676132753,0.18218458351887568,0.09913008190637143
2023-03-28,0.14729523562464936,0.14572097789514193,0.14571271408395559,0.14486994886817323,0.17913316176652663,0.04697181006488642
2023-03-29,0.14946265064101075,0.14949658185246184,0.1496020074774065,0.1520050726652964,0.18744568954645474,0.0705972649932665
2023-03-30,0.15578434093120574,0.15390148742849907,0.14842616576456064,0.14667631412047108,0.18123758772451923,0.07723787093090054
2023-03-31,0.1506366872042968,0.14895722945427176,0.1496924754186924,0.14667631412047108,0.18123758772451923,0.11125850890508124
2023-04-03,0.14874019045237047,0.1508450314329317,0.15050651437321494,0.14974712471331197,0.1848151365326652,0.07381590201028902
2023-04-04,0.15036576893986175,0.1476087798738019,0.14137118449430552,0.1415281955462307,0.17523996140446108,0.0755354478139038
2023-04-05,0.13952859050673325,0.14050700942932226,0.1402858107227455,0.14225072097501895,0.17608169888158004,0.047900287746748614
2023-04-06,0.1450374915531826,0.1503056447422443,0.14743125993428652,0.15137284999502487,0.18670912812137805,0.08213709963948183
2023-04-10,0.15036576893986175,0.15578928940715903,0.15240592709929746,0.15796605388039323,0.19439027052827174,0.09720891646782946
2023-04-11,0.16002891080970422,0.1632506509787636,0.1623552614293193,0.1646495605242783,0.2021766301198053,0.08911973124231085
2023-04-12,0.16589902472525342,0.16603739648273858,0.16398333933836434,0.16302383524256536,0.20028263853109238,0.06830196885212077
2023-04-13,0.16499594087684294,0.16450918563120356,0.1653400824303719,0.1672687884174326,0.20522805187215426,0.07748358148386915
2023-04-14,0.168879263435801,0.1719705129103108,0.16606365344360854,0.16708814844684763,0.2050176175028746,0.156955534951256
2023-04-17,0.16960175807488181,0.17907228335479045,0.17004341477834534,0.1820809214698822,0.22248436940725216,0.11621210214367475
2023-04-18,0.18206448054506108,0.18590437760017503,0.18433427869801727,0.18722904004412255,0.22848195459471274,0.10100373188954839
2023-04-19,0.1889280418145667,0.18905071423127495,0.1902134527588366,0.1905708278196166,0.23237515495677832,0.08139055050293612
2023-04-20,0.18802492351571568,0.18581446267214513,0.1871381983199082,0.18542267479182473,0.22637752863672014,0.06407523366046226
2023-04-21,0.18206448054506108,0.1799712611726028,0.17592255433575457,0.1815390360116789,0.22185302516681543,0.08423634101885122
2023-04-24,0.1813420203564208,0.18176914822323284,0.18342980630561895,0.18343570402249346,0.2240627094420454,0.055780576195527384
2023-04-25,0.17745869779746276,0.17691480517703545,0.1775506322447996,0.1753070776139289,0.21459275149848114,0.07033571595517624
2023-04-26,0.17330445697406968,0.17143116051212073,0.16714906171857863,0.16546242316513474,0.20312362591416175,0.0968227998845931
2023-04-27,0.1668924376287693,0.1654081291565186,0.16787263273181527,0.1672687884174326,0.20522805187215426,0.07447854998240644
2023-04-28,0.1643637752928675,0.16666666380895856,0.16461647691372516,0.16808165105828904,0.20617504766651076,0.06802971813489424
2023-05-01,0.1755622010455364,0.17799354426591293,0.1757416529565929,0.17386199230280094,0.21290919427904803,0.0953189999323654
2023-05-02,0.17122730211193257,0.167475726698741,0.15882777079419172,0.1598627218912078,0.1965999136709042,0.13673535432403486
2023-05-03,0.16237694948583578,0.16441927070317366,0.16145078903692098,0.15814669385097815,0.19460070489755157,0.089490437407591
2023-05-04,0.15018514528009155,0.15012588347117917,0.14146165243559142,0.14071533290537425,0.1773154711463466,0.20953887748803338
2023-05-05,0.14819831947305984,0.15192377052180922,0.1498733767978541,0.15173409548264324,0.19025286593430346,0.09733904888612643
2023-05-08,0.15695837749449182,0.156418556733379,0.15729016082643257,0.1557081059284088,0.1949188655399242,0.07892873623443013
2023-05-09,0.15253318395622315,0.15542969828003408,0.1538531036291808,0.15715319123953678,0.19661554405798912,0.06293486273170205
2023-05-10,0.16391223336866226,0.16046387118229127,0.15502894534202669,0.1548049060754841,0.19385834377621444,0.05840805245706272
2023-05-11,0.15090760546873183,0.1537216918649366,0.15059694781109073,0.15525652322872222,0.19438862522436806,0.06095333982283156
2023-05-12,0.15722929575892683,0.15417116362759412,0.14851663370584653,0.14766981673191248,0.18548086762468877,0.057178643557888806
2023-05-15,0.14946265064101075,0.1592952171653839,0.1510491840072899,0.15923049922093627,0.19905454256479355,0.08607917016611574
2023-05-16,0.15921612156595855,0.15632867609784645,0.15882777079419172,0.15579840868692552,0.19502486424391832,0.0750153462078814
2023-05-17,0.16201573661673593,0.17286949072812316,0.16398333933836434,0.17449421497307244,0.21697605646814624,0.10677964215297236
2023-05-18,0.17402691716270996,0.17026250649521332,0.17013384821622113,0.17223626702108802,0.2143249782881584,0.09809972423913202
2023-05-19,0.17411724621781532,0.1715210411476533,0.1705860844124203,0.17061054173937512,0.2124161789643125,0.06623397637582927
2023-05-22,0.17294320965452925,0.17844301602857046,0.17492761400207038,0.17919075084762623,0.22249037476650058,0.09940746942958338
2023-05-23,0.1802582783977996,0.18644372999836512,0.18288710216813392,0.18126805882902575,0.2249293732733051,0.09340254323264338
2023-05-24,0.17917457088961888,0.17898240271925786,0.18017365048752887,0.17819724823618485,0.2213238954313941,0.07232922474467934
2023-05-25,0.17673620315838193,0.17898240271925786,0.17872647395764552,0.178468225418838,0.2216420560737669,0.05733874067776731
2023-05-26,0.17926489994472428,0.1810500002614803,0.1808972215007655,0.18144869879961067,0.225141494079086,0.05608707228598996
2023-05-30,0.18233543325993667,0.18015102244366793,0.17709839604860048,0.17919075084762623,0.22249037476650058,0.04475699055084539
2023-05-31,0.17375599889827492,0.1716109560756832,0.16769173135265358,0.16862357097004385,0.2100831791615021,0.09813054507504446
2023-06-01,0.1730335042591941,0.17215030847387328,0.17112878854990535,0.17088151892202827,0.21273429847408754,0.05471725735654827
2023-06-02,0.17673620315838193,0.18131967646057534,0.17746019880692385,0.1815390360116789,0.2252475750482753,0.053971136287168
2023-06-05,0.18161293862085584,0.17781374870235048,0.17800286844099877,0.17440391221455573,0.21687005776415214,0.060558233829120726
2023-06-06,0.17474941180179077,0.18194894378679533,0.17637479053195373,0.1817196415287123,0.22545961358886113,0.06219002586381814
2023-06-07,0.184231930011863,0.18662352556192757,0.1829775701094198,0.1890354052964204,0.23404921054616773,0.05772400112667278
2023-06-08,0.18648967408332975,0.1889608335957424,0.1881331386535924,0.19174493594809142,0.2372305701743093,0.055050721678434236
2023-06-09,0.1921791987895493,0.18959010092196235,0.1923842003019566,0.18957732520817522,0.23468549069831554,0.029116700526779452
2023-06-12,0.1901923729825176,0.19219705086237487,0.18677639556158485,0.1868677945565042,0.23150417220277156,0.0647939584312537
2023-06-13,0.18630905042355955,0.19741101932819455,0.18786176933314483,0.194273861082729,0.24019985012926745,0.06235654399117839
2023-06-14,0.195972192293402,0.19426468269709463,0.19202243204704333,0.18912574250848863,0.23415529151535702,0.045071619917451525
2023-06-15,0.18757338159151044,0.1891405948668075,0.18867580828766736,0.1916546331895747,0.23712453033771758,0.04234097946904261
2023-06-16,0.19443694286101607,0.19201728959130973,0.19265556962240415,0.1900289079078618,0.2352157310138716,0.13751486463232027
2023-06-20,0.19028266758718243,0.18662352556192757,0.186143257986224,0.1874096800147075,0.23214041122232182,0.05300584482907706
2023-06-21,0.18784429985594547,0.18500539978236266,0.18786176933314483,0.1852420692747913,0.22959537287892573,0.03163202319096676
2023-06-22,0.18513501386027348,0.18203885871482522,0.18234439803064886,0.179913310729966,0.2233387757244294,0.030852512882681343
2023-06-23,0.17592341391463628,0.17403814474503057,0.1767365932902771,0.17584899752568373,0.21856673628221704,0.06273324309677486
2023-06-26,0.17818115798610304,0.17835313539303788,0.17818376982016046,0.17566835755509877,0.2183546566090337,0.03990228082747095
2023-06-27,0.17673620315838193,0.17691480517703545,0.17709839604860048,0.17855852817735474,0.22174805477776102,0.031902133572366036
2023-06-28,0.17944548915405392,0.1758360317956606,0.17746019880692385,0.17593930028420043,0.21867277611880875,0.041362417928822705
2023-06-29,0.18450284827629804,0.18994965775658998,0.18641459280326148,0.19246749583043116,0.23807892999964053,0.08415500825741562
2023-06-30,0.1977783944406635,0.19633228023931706,0.19772067022529088,0.19454480381183065,0.240517928506445,0.06747408695413945
2023-07-03,0.19714622885668806,0.199748293069512,0.19880607850026097,0.2010477049386823,0.2481531669344263,0.02119831410027559
2023-07-05,0.2003070567765653,0.19992808863307449,0.19907741331729845,0.20177023036747052,0.24900148562715985,0.048907529787053705
2023-07-06,0.20021676217190046,0.1971413431290995,0.19428364753144922,0.1964414718226452,0.2427448884726636,0.04572442234476358
2023-07-07,0.1945272374656809,0.198220082217977,0.1974493354082534,0.19535766645268712,0.24147236930096552,0.03941813686334641
2023-07-10,0.19561094497386158,0.19426468269709463,0.19464541578636246,0.19129335324840482,0.23670032985875317,0.05298957827678994
2023-07-11,0.19235978799887898,0.1937252960064072,0.19274600306027995,0.19508672372358546,0.24115420865859283,0.04753814292477747
2023-07-12,0.2010295514156461,0.2019956861752969,0.20124816086041844,0.19978322514458774,0.24666852695694713,0.041528079921852055
2023-07-13,0.2024745062433672,0.20118662328551445,0.2038711791031477,0.20384753834887,0.2514405252665619,0.05880701105526261
2023-07-14,0.214034144865136,0.21512048797537867,0.2038711791031477,0.20249279024981026,0.2498498865850887,0.11384146618140972
2023-07-17,0.20328729548711286,0.21350236219581376,0.20613239458755356,0.2131503073394609,0.26236312202667883,0.08936715406394125
2023-07-18,0.2142147685249062,0.21862641573360353,0.21562949272137624,0.22091761935330406,0.2714829181669439,0.08515069248425355
2023-07-19,0.2246906996384943,0.22644733413983573,0.22413168502492484,0.22687860056840087,0.2784818353101797,0.06265062613384291
2023-07-20,0.22866431680211718,0.23247036549543784,0.23019172596149576,0.23473628424786377,0.2877077535522317,0.06262708243974313
2023-07-21,0.23597941999582805,0.23220065500384549,0.22784007703921408,0.22416906991672986,0.27530051681463574,0.050980659069330615
2023-07-24,0.2250519469580347,0.22878464217365052,0.22793051047708987,0.22832368587952886,0.2801785549608422,0.03320174548667384
2023-07-25,0.2288449404618874,0.2270766014660557,0.22313674469124062,0.21983381398334595,0.27021039899524585,0.039555118356290574
2023-07-26,0.22965772970563306,0.22878464217365052,0.22928725356909743,0.2285043258501138,0.28039063463402564,0.06516851720102292
2023-07-27,0.23038022434471386,0.23184106387672054,0.2244934877832482,0.22245304187650025,0.27328567765419814,0.065120145611327
2023-07-28,0.225774407146675,0.22339087814426836,0.22440301984196231,0.22579479519844278,0.27720931613848165,0.035612619762491214
2023-07-31,0.22839339853768215,0.22743619259318065,0.22702603808469154,0.2259754351690277,0.27742143694426263,0.03167525797467726
2023-08-01,0.22541315982713458,0.22276161081804838,0.2223227057367181,0.22191112196474544,0.2726493975020503,0.03596705937548425
2023-08-02,0.21719497278501324,0.21386191903044136,0.215267724466463,0.2164017234493352,0.26618067954177305,0.0411573737565719
2023-08-03,0.2136728975455956,0.2158396359371312,0.21481545376685374,0.2168533406025733,0.27045567267468584,0.03359642341321923
2023-08-04,0.21719497278501324,0.21862641573360353,0.21662443305506046,0.21414377549735075,0.26724942782500116,0.02800115749361538
2023-08-07,0.21791746742409404,0.2164689032633512,0.21852384578114298,0.21604047796171683,0.2694938280125988,0.028095332270014494
2023-08-08,0.20708028899096553,0.20828839372999408,0.2045947846197944,0.21080202217540825,0.2632951044229142,0.04376130632400746
2023-08-09,0.20924773845776745,0.20559152886155166,0.20631329596671524,0.20393787556093823,0.2551726915090555,0.03286186015730612
2023-08-10,0.20726091265073576,0.20685006351399163,0.2067655321629144,0.20348625840770015,0.2546382968011426,0.03289781779920397
2023-08-11,0.2028357191124671,0.2019956861752969,0.2045947846197944,0.20402817831945494,0.25527955399759905,0.012923347724951436
2023-08-14,0.2030163427722373,0.20253507286598432,0.20359984428611022,0.2041185155315232,0.2553864576187402,0.027310685155743676
2023-08-15,0.19940397292815482,0.19669183707394466,0.19681619783289256,0.19499638651151724,0.24459219456310974,0.0408328988451604
2023-08-16,0.19515940304965634,0.19192737466327983,0.1933791406356408,0.19039018784903167,0.23914163179102274,0.024740997961544157
2023-08-17,0.19344352995750022,0.1921071702268423,0.1944645144072008,0.1926481358010161,0.24181348193279448,0.03591055450964478
2023-08-18,0.19010204392741223,0.19246676135396723,0.1925651016811183,0.19291907853011775,0.2421340693984251,0.027821797351291606
2023-08-21,0.1950691084449915,0.1931859093157198,0.1931982392564791,0.19282877577160104,0.24202724804247916,0.03554412901601913
2023-08-22,0.19335320090239483,0.19048904444727738,0.18695729694074653,0.18388728672218002,0.2314467099639358,0.03997205577543939
2023-08-23,0.18522534291537887,0.18212873935035778,0.18505788421466401,0.18488078933362143,0.23262232073570754,0.03266323699253708
2023-08-24,0.184231930011863,0.18698311668905251,0.18659549418242316,0.18325506405190853,0.2306985902789358,0.02596783845772537
2023-08-25,0.18594780310401915,0.18356706956636024,0.1809876894420514,0.18144869879961067,0.2285610937124794,0.035262888888318134
2023-08-28,0.1838706826923226,0.1859942582357076,0.18569102179002483,0.1873193772561908,0.23550793698716402,0.025758941680985515
2023-08-29,0.18802492351571568,0.18869112310415,0.1889471776081149,0.18840318262614889,0.23679041024747924,0.043268172949408455
2023-08-30,0.18974083105831235,0.18653364492639501,0.18731909969906987,0.1842485666633499,0.23187420105070755,0.03526973796296534
2023-08-31,0.18630905042355955,0.18275800667657777,0.1840629438809798,0.1819906187113655,0.22920235090893584,0.07378978991319654
2023-09-01,0.18513501386027348,0.18527511027395505,0.18768086795398314,0.1852420692747913,0.2330498118224793,0.03678038698984026
2023-09-05,0.18603813215912451,0.18788206021436754,0.18587192316918652,0.1842485666633499,0.23187420105070755,0.0429787995455639
2023-09-06,0.18206448054506108,0.1799712611726028,0.17945004497088213,0.1795520307887961,0.22631677579007703,0.06197727648258922
2023-09-07,0.1777296160618978,0.1765552140499105,0.1767365932902771,0.1742232722439708,0.2200111897118489,0.04068350340441817
2023-09-08,0.175200953725996,0.17745415757522554,0.17700796261072468,0.17937139081821118,0.22610300968039235,0.0411980401372897
2023-09-11,0.18359976442788756,0.18284792160460767,0.18496741627337812,0.18235189865253534,0.2296298831283052,0.046046328853182376
2023-09-12,0.1838706826923226,0.19408488713353217,0.18551012041086315,0.1932803584712876,0.24256160161779447,0.06034420024639546
2023-09-13,0.19561094497386158,0.1932758242437497,0.1931982392564791,0.19066113057813333,0.23946221925665337,0.04698978888583534
2023-09-14,0.19651406327271262,0.19786049109085205,0.1984442757419376,0.19788655713377318,0.24801212325728386,0.07049196047056568
2023-09-15,0.19524969765432118,0.1971413431290995,0.1976302367874151,0.19698339173440002,0.24694341610665324,0.18394602586724268
2023-09-18,0.19813964176020393,0.199748293069512,0.19907741331729845,0.20131864766778393,0.25207335028051203,0.04945331542300313
2023-09-19,0.2031969664320075,0.2010068620144493,0.20025325503014432,0.1994219796569694,0.24982903235810966,0.047177710371468125
2023-09-20,0.20184234065939177,0.20082706645088685,0.1995296495134976,0.19626083185206028,0.24608839280051212,0.05347029770359089
2023-09-21,0.195972192293402,0.1958827741841622,0.19473588372764836,0.19129335324840482,0.24021033894165336,0.0457753623374522
2023-09-22,0.1921791987895493,0.18887091866771247,0.18442474663930317,0.18144869879961067,0.2285610937124794,0.053436908464685746
2023-09-25,0.17908427628495407,0.18194894378679533,0.1809876894420514,0.18442920663393483,0.23208796716039223,0.027083809558054898
2023-09-26,0.18061952571734,0.17916219828282035,0.17727929742776216,0.17621027746685358,0.22236245238799002,0.046755208079168456
2023-09-27,0.17682653221348732,0.17817333982947542,0.17818376982016046,0.17810694547766814,0.2246067703103924,0.032184229834397934
2023-09-28,0.17872302896541364,0.17817333982947542,0.18053545324585224,0.17855852817735474,0.2251411238857077,0.03492000708879226
2023-09-29,0.18197418594039627,0.1798813462445729,0.17926917809513057,0.17810694547766814,0.2246067703103924,0.03776451340321102
2023-10-02,0.17745869779746276,0.17421790601609569,0.16895800650337525,0.166817205717746,0.21124756073413134,0.04625265722692953
2023-10-03,0.16553781185615357,0.1626213836525436,0.1601845138861993,0.15832729936801157,0.2012013762309034,0.0640212971976155
2023-10-04,0.15768083768313207,0.1593851320934138,0.15946090836955257,0.1610368644732341,0.20440762108058794,0.04300576777698728
2023-10-05,0.15993858175459882,0.16217187759738877,0.16136032109563508,0.16401733785400677,0.2079344533959032,0.03220606125983591
2023-10-06,0.1611126183178849,0.16639698760986352,0.16280749762551844,0.16753973114653423,0.21210250177507722,0.041419778928993074
2023-10-09,0.16309944412491661,0.16558792472008105,0.16588275206444686,0.16763006835860245,0.21220940539621835,0.03338752663647937
2023-10-10,0.17041451286818693,0.17080189318590075,0.17149059130822872,0.16871387372856056,0.2134918786565337,0.043374761673605634
2023-10-11,0.17122730211193257,0.1692736480418684,0.16723949515645442,0.16753973114653423,0.21210250177507722,0.04511357049966568
2023-10-12,0.16833739245649038,0.167475726698741,0.16787263273181527,0.16799134829977233,0.21263689648299025,0.0452942148434858
2023-10-13,0.17863273436074883,0.18212873935035778,0.17827423776144635,0.1790101108770413,0.2256755185936206,0.10179822454862458
2023-10-16,0.18441255367163323,0.18689320176102261,0.18668596212370905,0.1852420692747913,0.2330498118224793,0.06045164510492354
2023-10-17,0.1840513063520928,0.18869112310415,0.18695729694074653,0.18822254265556396,0.23657664413779456,0.05430160413889581
2023-10-18,0.18648967408332975,0.1848256042188002,0.1862336914240998,0.18415822945128169,0.23176729742956642,0.050324432104694956
2023-10-19,0.18450284827629804,0.18734270781617746,0.18451518007717896,0.18099711609992408,0.2280267401371641,0.05061166517271226
2023-10-20,0.18061952571734,0.1771844813761305,0.17348043747218703,0.17277818693284283,0.21830122536476185,0.05645649424977377
2023-10-23,0.17348504618339933,0.17080189318590075,0.16877710512421357,0.16564306313571966,0.2098581838526749,0.04061843719526969
2023-10-24,0.16770522687251493,0.16585763521167343,0.16714906171857863,0.16383669788342184,0.2077206872862185,0.04623467840598061
2023-10-25,0.1627381968053762,0.16028407561872882,0.1611794542198835,0.1615787499314374,0.20504883714444685,0.04088897564383442
2023-10-26,0.16228665488117094,0.167206050499646,0.16479737829288685,0.16717848565891588,0.21167505182090313,0.04787203531382888
2023-10-27,0.16553781185615357,0.1620819969618562,0.16154122247479677,0.15914016200886805,0.20216326202558796,0.039749460849405116
2023-10-30,0.16300911506981122,0.16370012274142112,0.16217436005015762,0.1651914804360331,0.20932383027735962,0.042142784371439014
2023-10-31,0.16788585053228514,0.16567783964811097,0.16714906171857863,0.16826229102887397,0.2129575250812184,0.032628135484970136
2023-11-01,0.17077576018772733,0.167206050499646,0.1675108299734919,0.166817205717746,0.21124756073413134,0.06657857044401695
2023-11-02,0.16878896883113617,0.17224022340190318,0.1685057703071761,0.17494579767275903,0.22472584918042068,0.06721296598321463
2023-11-03,0.18170323322552068,0.18410645625704763,0.18370114112265643,0.18497109209213813,0.2366946124276879,0.050722106501398495
2023-11-06,0.18730246332707542,0.18347718893082765,0.18442474663930317,0.18244220141105205,0.23367547976444847,0.04645213652602948
2023-11-07,0.18179356228062604,0.17817333982947542,0.18071635462501393,0.17973267075938104,0.23044068889203512,0.0406659526506347
2023-11-08,0.1808001493771102,0.17808342490144552,0.17791243500312298,0.17919075084762623,0.22979371426451342,0.06473103255793247
2023-11-09,0.18287726978880675,0.17979146560904033,0.17646525847323963,0.17395232951486916,0.22353979072886063,0.041563181429419005
2023-11-10,0.17682653221348732,0.17592594672369052,0.17727929742776216,0.17837788820676978,0.22882327288952964,0.04456007965473815
2023-11-13,0.17781994511700316,0.17691480517703545,0.1788169073955213,0.1772940828368117,0.22752936476708382,0.033657637017878654
2023-11-14,0.18468347193606824,0.1887810380321799,0.18722863175778398,0.18912574250848863,0.24165466897349247,0.06800617444079446
2023-11-15,0.1898311256629772,0.19462423953172223,0.19274600306027995,0.19598988912295862,0.24984947525911277,0.05552502009775342
2023-11-16,0.19660435787737746,0.19399497220550224,0.19202243204704333,0.19319002125921939,0.2465068347158137,0.05408286181735059
2023-11-17,0.19669468693248282,0.19426468269709463,0.19609259231624585,0.19707369449291673,0.2511433833815586,0.04108074973395626
2023-11-20,0.19696560519691786,0.19390509156996968,0.19672572989160667,0.19553830642327205,0.2493103503024768,0.0259926663533215
2023-11-21,0.19497877938988614,0.19192737466327983,0.1934696085769267,0.1938222439294909,0.24726161788162354,0.05043230503038849
2023-11-22,0.19515940304965634,0.1928263524810922,0.19573082406133258,0.19544796921120383,0.24920250063159108,0.032384137200663334
2023-11-24,0.19642373421760725,0.1953434217859721,0.19871561055897508,0.19671241455174687,0.2507120669632108,0.004238721072291127
2023-11-27,0.19497877938988614,0.19462423953172223,0.19681619783289256,0.19761561440467154,0.2517903580090803,0.04887670895114127
2023-11-28,0.1979590181004337,0.19839987778153947,0.19925831469646013,0.20077672775602914,0.25556427383812963,0.0472410643119548
2023-11-29,0.20446129759995837,0.20460267040820673,0.2068560001042003,0.20447976101914153,0.25998516429470064,0.05329008142693621
2023-11-30,0.2055450395585796,0.21008631507312148,0.20549925701219274,0.21179552478684963,0.2687191366695545,0.08112086818870227
2023-12-01,0.21186669539833408,0.21449122064915868,0.21363964655741793,0.21567919802054697,0.2733556853352994,0.059149036720457585
2023-12-04,0.2136728975455956,0.21530028353894115,0.21490592170813963,0.21658236341992013,0.2744339352485713,0.03906969019066968
2023-12-05,0.21584034701239752,0.21206403197981133,0.2139109813744554,0.21089235938747647,0.26764088675628256,0.04381139018236518
2023-12-06,0.21448568678934124,0.21458110128469127,0.2140918827536171,0.21098266214599318,0.26774869529457074,0.06261252815611781
2023-12-07,0.2143953921846764,0.21628910769978874,0.2160817634209855,0.21911128855455772,0.27745310904440834,0.06203035681110509
2023-12-08,0.21954304591158535,0.2243797365976133,0.2203328250693497,0.2254335152572729,0.285000940702507,0.06823133776982143
2023-12-11,0.22441978137405927,0.2233009975087358,0.22440301984196231,0.22453034985789974,0.28392269078923504,0.07200046916161333
2023-12-12,0.22478099424315914,0.2281553405549332,0.2265738018884924,0.22877530303276694,0.2889905558733278,0.06630803199545221
2023-12-13,0.22983835336540326,0.23732470854163526,0.23145800111221743,0.24042628828030746,0.3029001607379649,0.0952539337232169
2023-12-14,0.24735843495782664,0.26222582826883156,0.250361763941987,0.26526371575213614,0.33255248581151614,0.15760748124423715
2023-12-15,0.26234985421434825,0.2642035451755214,0.2637481554692606,0.26345738495338983,0.33039598598497233,0.17037800899112274
2023-12-18,0.2651494692651256,0.2615965609426116,0.26022066483413303,0.2575867064968097,0.3233872381509121,0.06949542010939684
2023-12-19,0.2584665316553902,0.26015823072660915,0.2582308186701747,0.261470379730507,0.328023786816657,0.06960115269926312
2023-12-20,0.2599115209335518,0.2624056238323941,0.25804991729101306,0.25469653587455376,0.3199367890693248,0.06928053039234068
2023-12-21,0.2580149897311849,0.25575335944306926,0.2566027407611297,0.25569003848599514,0.3211228886534825,0.029239983870429205
2023-12-22,0.2583762370507253,0.25602303564216433,0.25624093800280634,0.2532514505634258,0.3182115645285312,0.026330411346861968
2023-12-26,0.25386074890779187,0.2543149949345695,0.2556982338653213,0.2574060665262248,0.3231715799417382,0.01951815047588227
2023-12-27,0.2561184929792586,0.25341605140925444,0.25678364214029137,0.25460623311603703,0.3198289805310367,0.035271450231627144
2023-12-28,0.25368012524802164,0.2541352336635044,0.25624093800280634,0.2559609812150968,0.3214463554009446,0.02386731287685963
2023-12-29,0.25557662199994796,0.2535059663372844,0.2573263117743663,0.25361273050459565,0.31864288094687904,0.031826365684081294
2024-01-02,0.25286733600427597,0.25512405782435194,0.2537988211392388,0.25460623311603703,0.3198289805310367,0.045456452299191555
2024-01-03,0.2532285833238164,0.24910106076124713,0.24927639017042702,0.24873555465945693,0.31282023269697645,0.07429790563858632
2024-01-04,0.25079021559257947,0.25602303564216433,0.25334658494303963,0.254154615962799,0.31928981444180315,0.04974354496117859
2024-01-05,0.2560281983745938,0.261506680307079,0.25804991729101306,0.25993495720731086,0.3261907126049776,0.046131086151941586
2024-01-08,0.25584757471482356,0.2571916896590717,0.25678364214029137,0.25993495720731086,0.3261907126049776,0.046328425115214275
2024-01-09,0.25638941124369363,0.25242719295590954,0.25587913524448297,0.25424495317486717,0.3193976641126889,0.039930961327556136
2024-01-10,0.25241579408007075,0.24937073696034218,0.2518994084131563,0.2523482851640526,0.3171333146152593,0.03233105687214747
2024-01-11,0.2514223811765549,0.24901118012571458,0.24945729154958868,0.25198700522288275,0.31670199819691147,0.07171066769060333
2024-01-12,0.2429332758699985,0.24631428096477484,0.23733717517303676,0.23717487217043315,0.29901843637062747,0.1119639635937437
2024-01-16,0.23227672109664022,0.23085223971587293,0.23028219390278165,0.23193641638412454,0.29276447170237707,0.08952125824350343
2024-01-17,0.22749031468927167,0.23080728225185798,0.23019172596149576,0.23058163383151328,0.2911470556998716,0.05180747508006996
